"","x"
"1","Eva"
"2","Sophia"
"3","Emma"
"4","Emma"
"5","Sarah"
"6","Caroline"
"7","Eva"
"8","Penelope"
"9","Melanie"
"10","Ella"
"11","Aurora"
"12","Zoey"
"13","Lydia"
"14","Savannah"
"15","Quinn"
"16","Kaylee"
"17","Paisley"
"18","Charlotte"
"19","Aurora"
"20","Aaliyah"
"21","Lillian"
"22","Kinsley"
"23","Natalie"
"24","Alexa"
"25","Ava"
"26","Nora"
"27","Isabella"
"28","Stella"
"29","Madelyn"
"30","Taylor"
"31","Scarlett"
"32","Skylar"
"33","Sadie"
"34","Aurora"
"35","Lillian"
"36","Mila"
"37","Brooklyn"
"38","Scarlett"
"39","Lucy"
"40","Lydia"
"41","Vivian"
"42","Samantha"
"43","Eleanor"
"44","Madison"
"45","Genesis"
"46","Violet"
"47","Lily"
"48","Piper"
"49","Eleanor"
"50","Maya"
"51","Brooklyn"
"52","Violet"
"53","Quinn"
"54","Brooklyn"
"55","Stella"
"56","Natalie"
"57","Emma"
"58","Elena"
"59","Samantha"
"60","Kennedy"
"61","Mia"
"62","Eleanor"
"63","Paisley"
"64","Emma"
"65","Charlotte"
"66","Anna"
"67","Anna"
"68","Zoey"
"69","Emily"
"70","Madison"
"71","Lydia"
"72","Lucy"
"73","Samantha"
"74","Allison"
"75","Lucy"
"76","Genesis"
"77","Katherine"
"78","Addison"
"79","Allison"
"80","Aubrey"
"81","Madeline"
"82","Gianna"
"83","Mia"
"84","Taylor"
"85","Avery"
"86","Ariana"
"87","Skylar"
"88","Ellie"
"89","Mackenzie"
"90","Faith"
"91","Lily"
"92","Charlotte"
"93","Gabriella"
"94","Chloe"
"95","Lily"
"96","Lillian"
"97","Reagan"
"98","Aria"
"99","Riley"
"100","Gabriella"
"101","Mila"
"102","Grace"
"103","Kaylee"
"104","Olivia"
"105","Ruby"
"106","Adeline"
"107","Gianna"
"108","Arianna"
"109","Luna"
"110","Luna"
"111","Cora"
"112","Chloe"
"113","Caroline"
"114","Madison"
"115","Scarlett"
"116","Zoe"
"117","Melanie"
"118","Elena"
"119","Mia"
"120","Lydia"
"121","Ella"
"122","Aubrey"
"123","Layla"
"124","Maya"
"125","Ariana"
"126","Lydia"
"127","Caroline"
"128","Olivia"
"129","Hazel"
"130","Kennedy"
"131","Camila"
"132","Faith"
"133","Arianna"
"134","Natalie"
"135","Harper"
"136","Willow"
"137","Aubree"
"138","Aria"
"139","Camila"
"140","Allison"
"141","Brianna"
"142","Aaliyah"
"143","Brooklyn"
"144","Elizabeth"
"145","Maya"
"146","Olivia"
"147","Gianna"
"148","Katherine"
"149","Sadie"
"150","Willow"
"151","Eleanor"
"152","Julia"
"153","Taylor"
"154","Julia"
"155","Hailey"
"156","Savannah"
"157","Sophia"
"158","Leah"
"159","Brooklyn"
"160","Skylar"
"161","Quinn"
"162","Peyton"
"163","Kinsley"
"164","Evelyn"
"165","Mila"
"166","Isabella"
"167","Audrey"
"168","Chloe"
"169","Quinn"
"170","Lucy"
"171","Abigail"
"172","Ellie"
"173","Ellie"
"174","Aubrey"
"175","Alice"
"176","Zoe"
"177","Natalie"
"178","Aubree"
"179","Samantha"
"180","Kennedy"
"181","Genesis"
"182","Vivian"
"183","Gianna"
"184","Lillian"
"185","Natalie"
"186","Vivian"
"187","Madelyn"
"188","Gabriella"
"189","Grace"
"190","Ellie"
"191","Bella"
"192","Charlotte"
"193","Ella"
"194","Luna"
"195","Gabriella"
"196","Madison"
"197","Violet"
"198","Maya"
"199","Bella"
"200","Brianna"
"201","Hazel"
"202","Kennedy"
"203","Nevaeh"
"204","Caroline"
"205","Elena"
"206","Gabriella"
"207","Madison"
"208","Violet"
"209","Zoey"
"210","Alice"
"211","Anna"
"212","Brianna"
"213","Lydia"
"214","Victoria"
"215","Ruby"
"216","Evelyn"
"217","Vivian"
"218","Natalie"
"219","Layla"
"220","Lucy"
"221","Allison"
"222","Harper"
"223","Madison"
"224","Lucy"
"225","Avery"
"226","Kaylee"
"227","Abigail"
"228","Naomi"
"229","Leah"
"230","Paisley"
"231","Adeline"
"232","Arianna"
"233","Madeline"
"234","Skylar"
"235","Peyton"
"236","Audrey"
"237","Kylie"
"238","Scarlett"
"239","Aaliyah"
"240","Chloe"
"241","Sadie"
"242","Sarah"
"243","Camila"
"244","Kaylee"
"245","Zoey"
"246","Clara"
"247","Cora"
"248","Adeline"
"249","Autumn"
"250","Julia"
